{
  "run_info": {
    "created_at": "2026-01-09T23:21:09+00:00",
    "total_time": 2347.218174619018,
    "experiment_name": "full-finetuning/llama-3.2-3B-lr_0.00001",
    "peft_branch": "main",
    "train_config": {
      "model_id": "meta-llama/Llama-3.2-3B",
      "dtype": "bfloat16",
      "max_seq_length": 768,
      "batch_size": 4,
      "batch_size_eval": 50,
      "max_steps": 5000,
      "eval_steps": 250,
      "compile": false,
      "query_template": "Question: {query} Think step by step.\nAnswer:",
      "seed": 0,
      "grad_norm_clip": 1.0,
      "optimizer_type": "AdamW",
      "optimizer_kwargs": {
        "lr": 1e-05
      },
      "lr_scheduler": "cosine",
      "use_amp": false,
      "autocast_adapter_dtype": true,
      "generation_kwargs": {
        "max_length": 800,
        "max_new_tokens": 300
      },
      "attn_implementation": null
    },
    "peft_config": null,
    "error_msg": ""
  },
  "train_info": {
    "accelerator_memory_reserved_avg": 34309618532,
    "accelerator_memory_max": 38549848064,
    "accelerator_memory_reserved_99th": 37237492285,
    "train_time": 2154.846133010811,
    "file_size": 6425499648,
    "num_trainable_params": 3212749824,
    "num_total_params": 3212749824,
    "status": "success",
    "metrics": [
      {
        "step": 250,
        "valid accuracy": 0.3,
        "train loss": 1.0749022269248962,
        "train samples": 1000,
        "train time": 91.49652248725761,
        "eval time": 11.212762297014706,
        "tokens / sec": 2313.956795784073,
        "mem allocated avg": 26068575909.888,
        "mem reserved avg": 34185951576.064,
        "elapsed time": 124.61640950996662
      },
      {
        "step": 500,
        "valid accuracy": 0.4,
        "train loss": 0.7238605138063431,
        "train samples": 2000,
        "train time": 91.91453206090955,
        "eval time": 11.141172014991753,
        "tokens / sec": 2262.917466219234,
        "mem allocated avg": 26061334226.944,
        "mem reserved avg": 34147850518.528,
        "elapsed time": 230.16530759999296
      },
      {
        "step": 750,
        "valid accuracy": 0.42,
        "train loss": 0.6648618532419205,
        "train samples": 3000,
        "train time": 92.5216026121634,
        "eval time": 6.087067044980358,
        "tokens / sec": 2317.3074606017867,
        "mem allocated avg": 26070816337.92,
        "mem reserved avg": 34269409837.056,
        "elapsed time": 331.3244165930082
      },
      {
        "step": 1000,
        "valid accuracy": 0.4,
        "train loss": 0.6407386429309845,
        "train samples": 4000,
        "train time": 91.41802564635873,
        "eval time": 11.26410798204597,
        "tokens / sec": 2278.9378629322678,
        "mem allocated avg": 26063015718.912,
        "mem reserved avg": 34418341183.488,
        "elapsed time": 436.4462315859855
      },
      {
        "step": 1250,
        "valid accuracy": 0.46,
        "train loss": 0.6343499521017074,
        "train samples": 5000,
        "train time": 91.51783608621918,
        "eval time": 9.06717514997581,
        "tokens / sec": 2278.6596462304447,
        "mem allocated avg": 26061503963.136,
        "mem reserved avg": 34260576632.832,
        "elapsed time": 539.5919883140014
      },
      {
        "step": 1500,
        "valid accuracy": 0.58,
        "train loss": 0.624906349182129,
        "train samples": 6000,
        "train time": 91.87651025888044,
        "eval time": 11.171614417049568,
        "tokens / sec": 2278.395200363706,
        "mem allocated avg": 26064701278.208,
        "mem reserved avg": 34224690167.808,
        "elapsed time": 645.2011065029656
      },
      {
        "step": 1750,
        "valid accuracy": 0.54,
        "train loss": 0.6175477323532105,
        "train samples": 7000,
        "train time": 90.95103025593562,
        "eval time": 11.160093326005153,
        "tokens / sec": 2301.843084249583,
        "mem allocated avg": 26063144126.464,
        "mem reserved avg": 34362062012.416,
        "elapsed time": 749.8216157860006
      },
      {
        "step": 2000,
        "valid accuracy": 0.42,
        "train loss": 0.6184427078962326,
        "train samples": 8000,
        "train time": 90.84291155746905,
        "eval time": 11.153122653020546,
        "tokens / sec": 2286.3203792032505,
        "mem allocated avg": 26060605181.952,
        "mem reserved avg": 34304549715.968,
        "elapsed time": 854.322792426974
      },
      {
        "step": 2250,
        "valid accuracy": 0.46,
        "train loss": 0.6107840378284455,
        "train samples": 9000,
        "train time": 92.96169786009705,
        "eval time": 11.16127427702304,
        "tokens / sec": 2312.221107702729,
        "mem allocated avg": 26073147115.52,
        "mem reserved avg": 34312711831.552,
        "elapsed time": 960.9334694420104
      },
      {
        "step": 2500,
        "valid accuracy": 0.54,
        "train loss": 0.6089447345733643,
        "train samples": 10000,
        "train time": 90.26249368820572,
        "eval time": 11.146873010031413,
        "tokens / sec": 2281.8669370189687,
        "mem allocated avg": 26057948864.512,
        "mem reserved avg": 34399810748.416,
        "elapsed time": 1064.9780696959933
      },
      {
        "step": 2750,
        "valid accuracy": 0.56,
        "train loss": 0.6021645392179489,
        "train samples": 11000,
        "train time": 91.39197911316296,
        "eval time": 11.157545586000197,
        "tokens / sec": 2318.376317659624,
        "mem allocated avg": 26068202784.768,
        "mem reserved avg": 34373529239.552,
        "elapsed time": 1170.0117728059995
      },
      {
        "step": 3000,
        "valid accuracy": 0.48,
        "train loss": 0.5950663160085679,
        "train samples": 12000,
        "train time": 91.94340823084349,
        "eval time": 6.359558377007488,
        "tokens / sec": 2270.2116879976475,
        "mem allocated avg": 26062483675.136,
        "mem reserved avg": 34305480851.456,
        "elapsed time": 1270.7611719949637
      },
      {
        "step": 3250,
        "valid accuracy": 0.5,
        "train loss": 0.6067559220790864,
        "train samples": 13000,
        "train time": 91.35254304017872,
        "eval time": 6.207320767978672,
        "tokens / sec": 2308.649469202422,
        "mem allocated avg": 26064313700.352,
        "mem reserved avg": 34178494103.552,
        "elapsed time": 1370.8038186989725
      },
      {
        "step": 3500,
        "valid accuracy": 0.46,
        "train loss": 0.5922972733974456,
        "train samples": 14000,
        "train time": 91.81345162418438,
        "eval time": 7.237666736007668,
        "tokens / sec": 2284.523632316533,
        "mem allocated avg": 26062809985.024,
        "mem reserved avg": 34401211645.952,
        "elapsed time": 1472.3757120459923
      },
      {
        "step": 3750,
        "valid accuracy": 0.5,
        "train loss": 0.5926397043466568,
        "train samples": 15000,
        "train time": 92.5030986299389,
        "eval time": 11.144441604032181,
        "tokens / sec": 2342.6566591777223,
        "mem allocated avg": 26074840416.256,
        "mem reserved avg": 34314205003.776,
        "elapsed time": 1578.5238473899662
      },
      {
        "step": 4000,
        "valid accuracy": 0.52,
        "train loss": 0.6050900548696518,
        "train samples": 16000,
        "train time": 90.88473943283316,
        "eval time": 11.175483218976296,
        "tokens / sec": 2248.7053522449546,
        "mem allocated avg": 26056039493.632,
        "mem reserved avg": 34580459421.696,
        "elapsed time": 1683.2547346790088
      },
      {
        "step": 4250,
        "valid accuracy": 0.52,
        "train loss": 0.5931364653110505,
        "train samples": 17000,
        "train time": 91.31777060282184,
        "eval time": 7.878185064007994,
        "tokens / sec": 2314.8725445720397,