{
  "run_info": {
    "created_at": "2026-01-07T05:29:25+00:00",
    "total_time": 2323.8382851009956,
    "experiment_name": "full-finetuning/llama-3.2-3B-lr_0.00001",
    "peft_branch": "main",
    "train_config": {
      "model_id": "meta-llama/Llama-3.2-3B",
      "dtype": "bfloat16",
      "max_seq_length": 768,
      "batch_size": 4,
      "batch_size_eval": 50,
      "max_steps": 5000,
      "eval_steps": 250,
      "compile": false,
      "query_template": "Question: {query} Think step by step.\nAnswer:",
      "seed": 0,
      "grad_norm_clip": 1.0,
      "optimizer_type": "AdamW",
      "optimizer_kwargs": {
        "lr": 1e-05
      },
      "lr_scheduler": "cosine",
      "use_amp": false,
      "autocast_adapter_dtype": true,
      "generation_kwargs": {
        "max_length": 800,
        "max_new_tokens": 300
      },
      "attn_implementation": null
    },
    "peft_config": null,
    "error_msg": ""
  },
  "train_info": {
    "accelerator_memory_reserved_avg": 34309618532,
    "accelerator_memory_max": 38549848064,
    "accelerator_memory_reserved_99th": 37237492285,
    "train_time": 2157.310648678016,
    "file_size": 6425499648,
    "num_trainable_params": 3212749824,
    "num_total_params": 3212749824,
    "status": "success",
    "metrics": [
      {
        "step": 250,
        "valid accuracy": 0.3,
        "train loss": 1.0749022269248962,
        "train samples": 1000,
        "train time": 92.06279837427428,
        "eval time": 11.191743201983627,
        "tokens / sec": 2299.7237074987943,
        "mem allocated avg": 26068575909.888,
        "mem reserved avg": 34185951576.064,
        "elapsed time": 125.20638415697613
      },
      {
        "step": 500,
        "valid accuracy": 0.42,
        "train loss": 0.7239302092790604,
        "train samples": 2000,
        "train time": 91.46272671720362,
        "eval time": 11.122699367988389,
        "tokens / sec": 2274.095770653176,
        "mem allocated avg": 26061334226.944,
        "mem reserved avg": 34147850518.528,
        "elapsed time": 230.2789414069848
      },
      {
        "step": 750,
        "valid accuracy": 0.4,
        "train loss": 0.6648622957468033,
        "train samples": 3000,
        "train time": 91.54883937782142,
        "eval time": 6.18645481497515,
        "tokens / sec": 2341.9302905104955,
        "mem allocated avg": 26070816337.92,
        "mem reserved avg": 34269409837.056,
        "elapsed time": 330.56017420999706
      },
      {
        "step": 1000,
        "valid accuracy": 0.44,
        "train loss": 0.6407997657060623,
        "train samples": 4000,
        "train time": 91.55179016597685,
        "eval time": 8.57176865200745,
        "tokens / sec": 2275.608151651669,
        "mem allocated avg": 26063015718.912,
        "mem reserved avg": 34418341183.488,
        "elapsed time": 433.12068473998806
      },
      {
        "step": 1250,
        "valid accuracy": 0.44,
        "train loss": 0.6344672557115555,
        "train samples": 5000,
        "train time": 91.49045565689448,
        "eval time": 6.5398421570134815,
        "tokens / sec": 2279.3415827116946,
        "mem allocated avg": 26061503963.136,
        "mem reserved avg": 34260576632.832,
        "elapsed time": 533.7103055439948
      },
      {
        "step": 1500,
        "valid accuracy": 0.5,
        "train loss": 0.6250079188346863,
        "train samples": 6000,
        "train time": 90.80322253712802,
        "eval time": 11.141755973978434,
        "tokens / sec": 2305.325671832933,
        "mem allocated avg": 26064701278.208,
        "mem reserved avg": 34224690167.808,
        "elapsed time": 638.2188938990002
      },
      {
        "step": 1750,
        "valid accuracy": 0.46,
        "train loss": 0.617643739104271,
        "train samples": 7000,
        "train time": 91.44524139599525,
        "eval time": 7.460110667016124,
        "tokens / sec": 2289.402890779273,
        "mem allocated avg": 26063144126.464,
        "mem reserved avg": 34362062012.416,
        "elapsed time": 739.6330332399812
      },
      {
        "step": 2000,
        "valid accuracy": 0.42,
        "train loss": 0.6183675587177276,
        "train samples": 8000,
        "train time": 91.22664054002962,
        "eval time": 11.123931148991687,
        "tokens / sec": 2276.703370534229,
        "mem allocated avg": 26060605181.952,
        "mem reserved avg": 34304549715.968,
        "elapsed time": 844.4862930789823
      },
      {
        "step": 2250,
        "valid accuracy": 0.48,
        "train loss": 0.6106842497587204,
        "train samples": 9000,
        "train time": 91.96422643915867,
        "eval time": 11.124067962984554,
        "tokens / sec": 2337.300147271988,
        "mem allocated avg": 26073147115.52,
        "mem reserved avg": 34312711831.552,
        "elapsed time": 950.0627247770026
      },
      {
        "step": 2500,
        "valid accuracy": 0.54,
        "train loss": 0.6090386782884598,
        "train samples": 10000,
        "train time": 91.3860543470364,
        "eval time": 11.110741195006995,
        "tokens / sec": 2253.812154071617,
        "mem allocated avg": 26057948864.512,
        "mem reserved avg": 34399810748.416,
        "elapsed time": 1055.1926668669912
      },
      {
        "step": 2750,
        "valid accuracy": 0.56,
        "train loss": 0.6021177549362182,
        "train samples": 11000,
        "train time": 91.72793150198413,
        "eval time": 7.676212791993748,
        "tokens / sec": 2309.885293722304,
        "mem allocated avg": 26068202784.768,
        "mem reserved avg": 34373529239.552,
        "elapsed time": 1157.0764964979899
      },
      {
        "step": 3000,
        "valid accuracy": 0.46,
        "train loss": 0.5950263779163361,
        "train samples": 12000,
        "train time": 91.73342073900858,
        "eval time": 6.494896279997192,
        "tokens / sec": 2275.4084424024923,
        "mem allocated avg": 26062483675.136,
        "mem reserved avg": 34305480851.456,
        "elapsed time": 1257.7477284949855
      },
      {
        "step": 3250,
        "valid accuracy": 0.52,
        "train loss": 0.6066234750747681,
        "train samples": 13000,
        "train time": 90.81721012320486,
        "eval time": 6.676322856976185,
        "tokens / sec": 2322.258079871497,
        "mem allocated avg": 26064313700.352,
        "mem reserved avg": 34178494103.552,
        "elapsed time": 1357.7283175589982
      },
      {
        "step": 3500,
        "valid accuracy": 0.52,
        "train loss": 0.592276030421257,
        "train samples": 14000,
        "train time": 91.07744726192323,
        "eval time": 7.716298755025491,
        "tokens / sec": 2302.9850561884405,
        "mem allocated avg": 26062809985.024,
        "mem reserved avg": 34401211645.952,
        "elapsed time": 1459.042687123001
      },
      {
        "step": 3750,
        "valid accuracy": 0.52,
        "train loss": 0.5925254110097885,
        "train samples": 15000,
        "train time": 92.83711528888671,
        "eval time": 6.375525707000634,
        "tokens / sec": 2334.2280652050913,
        "mem allocated avg": 26074840416.256,
        "mem reserved avg": 34314205003.776,
        "elapsed time": 1560.7553546309937
      },
      {
        "step": 4000,
        "valid accuracy": 0.54,
        "train loss": 0.6050852959156037,
        "train samples": 16000,
        "train time": 91.51436388527509,
        "eval time": 6.408816254988778,
        "tokens / sec": 2233.2341211070166,
        "mem allocated avg": 26056039493.632,
        "mem reserved avg": 34580459421.696,
        "elapsed time": 1661.344725070987
      },
      {
        "step": 4250,
        "valid accuracy": 0.56,
        "train loss": 0.5930710178613663,
        "train samples": 17000,
        "train time": 91.25120192699251,
        "eval time": 6.161429104016861,
        "tokens / sec": 2316.5612675340576,