{
  "run_info": {
    "created_at": "2026-07-14T23:40:12+00:00",
    "total_time": 2374.9222186490006,
    "experiment_name": "full-finetuning/llama-3.2-3B-lr_0.00001",
    "peft_branch": "main",
    "train_config": {
      "model_id": "meta-llama/Llama-3.2-3B",
      "dtype": "bfloat16",
      "max_seq_length": 768,
      "batch_size": 4,
      "batch_size_eval": 50,
      "max_steps": 5000,
      "eval_steps": 250,
      "compile": false,
      "use_gc": false,
      "query_template": "Question: {query} Think step by step.\nAnswer:",
      "seed": 0,
      "grad_norm_clip": 1.0,
      "optimizer_type": "AdamW",
      "optimizer_kwargs": {
        "lr": 1e-05
      },
      "lr_scheduler": "cosine",
      "use_amp": false,
      "autocast_adapter_dtype": true,
      "generation_kwargs": {
        "max_length": 800,
        "max_new_tokens": 300
      },
      "attn_implementation": null,
      "init_kv_cache_prefix": null
    },
    "peft_config": null,
    "error_msg": ""
  },
  "train_info": {
    "accelerator_memory_reserved_avg": 34338935878,
    "accelerator_memory_max": 38868615168,
    "accelerator_memory_reserved_99th": 37345097154,
    "train_time": 2147.2966757890026,
    "file_size": 6425499648,
    "num_trainable_params": 3212749824,
    "num_total_params": 3212749824,
    "status": "success",
    "metrics": [
      {
        "step": 250,
        "valid accuracy": 0.34,
        "train loss": 1.0747905054092408,
        "train samples": 1000,
        "train time": 90.94932483194134,
        "eval time": 11.082437559998652,
        "tokens / sec": 2327.8787433685757,
        "mem allocated avg": 26068364077.056,
        "mem reserved avg": 34176824770.56,
        "elapsed time": 123.20977994600253
      },
      {
        "step": 500,
        "valid accuracy": 0.38,
        "train loss": 0.7238461751937866,
        "train samples": 2000,
        "train time": 90.66070832996047,
        "eval time": 10.937570732996392,
        "tokens / sec": 2294.2132686962946,
        "mem allocated avg": 26061405362.176,
        "mem reserved avg": 34143018680.32,
        "elapsed time": 227.3049053720024
      },
      {
        "step": 750,
        "valid accuracy": 0.48,
        "train loss": 0.6648533430099487,
        "train samples": 3000,
        "train time": 91.55923540594813,
        "eval time": 6.065387016002205,
        "tokens / sec": 2341.664377704835,
        "mem allocated avg": 26070556327.936,
        "mem reserved avg": 34352876486.656,
        "elapsed time": 327.60140458599926
      },
      {
        "step": 1000,
        "valid accuracy": 0.46,
        "train loss": 0.6407982188463212,
        "train samples": 4000,
        "train time": 90.90729542002373,
        "eval time": 7.337704129000485,
        "tokens / sec": 2291.741262760203,
        "mem allocated avg": 26063041150.976,
        "mem reserved avg": 34447944581.12,
        "elapsed time": 428.4069582759985
      },
      {
        "step": 1250,
        "valid accuracy": 0.54,
        "train loss": 0.6344010143280029,
        "train samples": 5000,
        "train time": 90.35537021097844,
        "eval time": 6.690264395998383,
        "tokens / sec": 2307.9757131542583,
        "mem allocated avg": 26061311987.712,
        "mem reserved avg": 34329799426.048,
        "elapsed time": 528.0641308350023
      },
      {
        "step": 1500,
        "valid accuracy": 0.44,
        "train loss": 0.6251289963722229,
        "train samples": 6000,
        "train time": 90.87779268896702,
        "eval time": 8.211456602999533,
        "tokens / sec": 2303.434027237479,
        "mem allocated avg": 26065064343.552,
        "mem reserved avg": 34256365551.616,
        "elapsed time": 629.7634086350008
      },
      {
        "step": 1750,
        "valid accuracy": 0.48,
        "train loss": 0.6176882644891739,
        "train samples": 7000,
        "train time": 89.8166587989981,
        "eval time": 7.913145348997205,
        "tokens / sec": 2330.915030679535,
        "mem allocated avg": 26063653664.768,
        "mem reserved avg": 34401513635.84,
        "elapsed time": 730.0179156430022
      },
      {
        "step": 2000,
        "valid accuracy": 0.4,
        "train loss": 0.6185150172710419,
        "train samples": 8000,
        "train time": 89.7210861570129,
        "eval time": 7.154078747000312,
        "tokens / sec": 2314.9073299951997,
        "mem allocated avg": 26060900622.336,
        "mem reserved avg": 34337743437.824,
        "elapsed time": 829.4425246430037
      },
      {
        "step": 2250,
        "valid accuracy": 0.48,
        "train loss": 0.6108308095932007,
        "train samples": 9000,
        "train time": 91.45342863296537,
        "eval time": 6.551060480996966,
        "tokens / sec": 2350.35474572158,
        "mem allocated avg": 26073120012.288,
        "mem reserved avg": 34356399702.016,
        "elapsed time": 929.978987733004
      },
      {
        "step": 2500,
        "valid accuracy": 0.52,
        "train loss": 0.6090410313606263,
        "train samples": 10000,
        "train time": 90.78627032889926,
        "eval time": 7.9639295090019,
        "tokens / sec": 2268.7020763583037,
        "mem allocated avg": 26057388191.744,
        "mem reserved avg": 34460074508.288,
        "elapsed time": 1031.370862210002
      },
      {
        "step": 2750,
        "valid accuracy": 0.46,
        "train loss": 0.6021379257440567,
        "train samples": 11000,
        "train time": 91.50792833997548,
        "eval time": 7.0943946999977925,
        "tokens / sec": 2315.4387149144895,
        "mem allocated avg": 26067884013.568,
        "mem reserved avg": 34435672047.616,
        "elapsed time": 1132.4979794700048
      },
      {
        "step": 3000,
        "valid accuracy": 0.5,
        "train loss": 0.595026089668274,
        "train samples": 12000,
        "train time": 90.21956423101074,
        "eval time": 7.8728173229974345,
        "tokens / sec": 2313.589095437616,
        "mem allocated avg": 26062585563.136,
        "mem reserved avg": 34331183546.368,
        "elapsed time": 1233.0574924450048
      },
      {
        "step": 3250,
        "valid accuracy": 0.46,
        "train loss": 0.6066423950195312,
        "train samples": 13000,
        "train time": 89.87697590292373,
        "eval time": 6.381653373005975,
        "tokens / sec": 2346.55202715982,
        "mem allocated avg": 26064543637.504,
        "mem reserved avg": 34191639052.288,
        "elapsed time": 1331.8379829480036
      },
      {
        "step": 3500,
        "valid accuracy": 0.5,
        "train loss": 0.592221058011055,
        "train samples": 14000,
        "train time": 90.10397546800232,
        "eval time": 7.814477234998776,
        "tokens / sec": 2327.8662113469823,
        "mem allocated avg": 26062997438.464,
        "mem reserved avg": 34507444977.664,
        "elapsed time": 1432.3608050020048
      },
      {
        "step": 3750,
        "valid accuracy": 0.42,
        "train loss": 0.5925783288478851,
        "train samples": 15000,
        "train time": 91.85568520396919,
        "eval time": 10.91416145000403,
        "tokens / sec": 2359.1680745595922,
        "mem allocated avg": 26074783977.472,
        "mem reserved avg": 34339798646.784,
        "elapsed time": 1537.6514882999982
      },
      {
        "step": 4000,
        "valid accuracy": 0.52,
        "train loss": 0.6051507042646408,
        "train samples": 16000,
        "train time": 89.82502206204663,
        "eval time": 9.90064178299508,
        "tokens / sec": 2275.234620692098,
        "mem allocated avg": 26055840194.56,
        "mem reserved avg": 34536897380.352,
        "elapsed time": 1640.0042843600022
      },
      {
        "step": 4250,
        "valid accuracy": 0.42,
        "train loss": 0.5930554388761521,
        "train samples": 17000,
        "train time": 91.17138687097759,
        "eval time": 10.916995874002168,